{"cameraMode":{"drawMode":0,"name":"Shaded","section":"Shading Mode"},"sceneLighting":false,"audioPlay":false,"sceneViewState":{"showFog":true,"showMaterialUpdate":false,"showSkybox":true,"showFlares":true,"showImageEffects":true,"showParticleSystems":true},"in2DMode":false,"pivot":{"x":1.0,"y":1.0800000429153443,"z":1.0800000429153443},"rotation":{"x":0.06281844526529312,"y":-0.9367309808731079,"z":0.25804901123046877,"w":0.228034108877182},"size":2.3334522247314455,"orthographic":false}