{"cameraMode":{"drawMode":0,"name":"Shaded","section":"Shading Mode"},"sceneLighting":false,"audioPlay":false,"sceneViewState":{"showFog":true,"showMaterialUpdate":false,"showSkybox":false,"showFlares":true,"showImageEffects":true,"showParticleSystems":true},"in2DMode":false,"pivot":{"x":0.0,"y":0.7300000190734863,"z":-6.519999980926514},"rotation":{"x":0.038328416645526889,"y":0.9312016367912293,"z":-0.1026679202914238,"w":0.34764033555984499},"size":2.5720956325531008,"orthographic":false}