{"cameraMode":{"drawMode":0,"name":"Shaded","section":"Shading Mode"},"sceneLighting":false,"audioPlay":false,"sceneViewState":{"showFog":true,"showMaterialUpdate":false,"showSkybox":false,"showFlares":true,"showImageEffects":true,"showParticleSystems":true},"in2DMode":false,"pivot":{"x":0.41562747955322268,"y":1.069798231124878,"z":0.5053920745849609},"rotation":{"x":0.038328416645526889,"y":0.9312016367912293,"z":-0.1026679202914238,"w":0.34764033555984499},"size":5.904506683349609,"orthographic":false}