{"cameraMode":{"drawMode":0,"name":"Shaded","section":"Shading Mode"},"sceneLighting":true,"audioPlay":false,"sceneViewState":{"showFog":true,"showMaterialUpdate":false,"showSkybox":true,"showFlares":true,"showImageEffects":true,"showParticleSystems":true},"in2DMode":false,"pivot":{"x":0.0,"y":13.24929428100586,"z":-0.11999999731779099},"rotation":{"x":0.06772493571043015,"y":0.6206802129745483,"z":0.053942225873470309,"w":-0.7792686820030212},"size":1.5107020139694214,"orthographic":true}