{"cameraMode":{"drawMode":0,"name":"Shaded","section":"Shading Mode"},"sceneLighting":true,"audioPlay":false,"sceneViewState":{"showFog":true,"showMaterialUpdate":false,"showSkybox":true,"showFlares":true,"showImageEffects":true,"showParticleSystems":true},"in2DMode":false,"pivot":{"x":3.028548240661621,"y":0.4719576835632324,"z":-4.635901927947998},"rotation":{"x":-0.005764717701822519,"y":-0.9805546998977661,"z":0.19398467242717744,"w":-0.029139554128050805},"size":7.817268371582031,"orthographic":false}